playerID,salary,team
1,6166666,arizona-diamondbacks
2,6050000,arizona-diamondbacks
3,5025000,arizona-diamondbacks
4,4825000,arizona-diamondbacks
5,4500000,arizona-diamondbacks
6,4250000,arizona-diamondbacks
7,4000000,arizona-diamondbacks
8,3750000,arizona-diamondbacks
9,3662500,arizona-diamondbacks
10,3500000,arizona-diamondbacks
11,3000000,arizona-diamondbacks
12,2000000,arizona-diamondbacks
13,2000000,arizona-diamondbacks
14,1945000,arizona-diamondbacks
15,1830000,arizona-diamondbacks
16,1400000,arizona-diamondbacks
17,920000,arizona-diamondbacks
18,581300,arizona-diamondbacks
19,560000,arizona-diamondbacks
20,559800,arizona-diamondbacks
21,556900,arizona-diamondbacks
22,473120,arizona-diamondbacks
23,420744,arizona-diamondbacks
24,375984,arizona-diamondbacks
25,355096,arizona-diamondbacks
26,283480,arizona-diamondbacks
27,23000000,atlanta-braves
28,21409375,atlanta-braves
29,13000000,atlanta-braves
30,11166668,atlanta-braves
31,9000000,atlanta-braves
32,5475000,atlanta-braves
33,4591409,atlanta-braves
34,4000000,atlanta-braves
35,4000000,atlanta-braves
36,3720463,atlanta-braves
37,2875000,atlanta-braves
38,2000000,atlanta-braves
39,1311805,atlanta-braves
40,1217815,atlanta-braves
41,1000000,atlanta-braves
42,1000000,atlanta-braves
43,1000000,atlanta-braves
44,1000000,atlanta-braves
45,959658,atlanta-braves
46,750014,atlanta-braves
47,585000,atlanta-braves
48,585000,atlanta-braves
49,565000,atlanta-braves
50,513106,atlanta-braves
51,492360,atlanta-braves
52,411792,atlanta-braves
53,21065362,baltimore-orioles
54,11000000,baltimore-orioles
55,4825000,baltimore-orioles
56,2800000,baltimore-orioles
57,2150000,baltimore-orioles
58,578000,baltimore-orioles
59,575500,baltimore-orioles
60,572500,baltimore-orioles
61,569000,baltimore-orioles
62,563500,baltimore-orioles
63,562000,baltimore-orioles
64,555500,baltimore-orioles
65,555000,baltimore-orioles
66,543905,baltimore-orioles
67,513513,baltimore-orioles
68,483408,baltimore-orioles
69,471472,baltimore-orioles
70,465930,baltimore-orioles
71,445628,baltimore-orioles
72,366630,baltimore-orioles
73,355096,baltimore-orioles
74,346144,baltimore-orioles
75,307352,baltimore-orioles
76,280496,baltimore-orioles
77,268560,baltimore-orioles
78,252000,baltimore-orioles
79,31000000,boston-red-sox
80,23750000,boston-red-sox
81,21125000,boston-red-sox
82,20100000,boston-red-sox
83,17000000,boston-red-sox
84,12000000,boston-red-sox
85,8550000,boston-red-sox
86,6500000,boston-red-sox
87,4325000,boston-red-sox
88,3575000,boston-red-sox
89,2850000,boston-red-sox
90,2222102,boston-red-sox
91,1600000,boston-red-sox
92,1577000,boston-red-sox
93,1312500,boston-red-sox
94,1150000,boston-red-sox
95,717500,boston-red-sox
96,614500,boston-red-sox
97,575000,boston-red-sox
98,528790,boston-red-sox
99,511379,boston-red-sox
100,501242,boston-red-sox
101,486800,boston-red-sox
102,470073,boston-red-sox
103,459089,boston-red-sox
104,360060,boston-red-sox
105,27500000,chicago-cubs
106,22500000,chicago-cubs
107,20000000,chicago-cubs
108,20000000,chicago-cubs
109,12900000,chicago-cubs
110,12500000,chicago-cubs
111,11285714,chicago-cubs
112,10500000,chicago-cubs
113,10000000,chicago-cubs
114,7405000,chicago-cubs
115,6500000,chicago-cubs
116,6250000,chicago-cubs
117,5200000,chicago-cubs
118,5000000,chicago-cubs
119,3400000,chicago-cubs
120,3390000,chicago-cubs
121,3086022,chicago-cubs
122,2859700,chicago-cubs
123,1500000,chicago-cubs
124,833342,chicago-cubs
125,684000,chicago-cubs
126,571500,chicago-cubs
127,569500,chicago-cubs
128,562530,chicago-cubs
129,528168,chicago-cubs
130,475000,chicago-cubs
131,16015000,chicago-white-sox
132,9166668,chicago-white-sox
133,8500000,chicago-white-sox
134,7325000,chicago-white-sox
135,7250000,chicago-white-sox
136,4625000,chicago-white-sox
137,2500000,chicago-white-sox
138,1833333,chicago-white-sox
139,1550000,chicago-white-sox
140,1400000,chicago-white-sox
141,580000,chicago-white-sox
142,575000,chicago-white-sox
143,569000,chicago-white-sox
144,559000,chicago-white-sox
145,510264,chicago-white-sox
146,492360,chicago-white-sox
147,462520,chicago-white-sox
148,453568,chicago-white-sox
149,420744,chicago-white-sox
150,393150,chicago-white-sox
151,343840,chicago-white-sox
152,286464,chicago-white-sox
153,280496,chicago-white-sox
154,265576,chicago-white-sox
155,214848,chicago-white-sox
156,176056,chicago-white-sox
157,25000000,cincinnati-reds
158,9650000,cincinnati-reds
159,7500000,cincinnati-reds
160,7285714,cincinnati-reds
161,6000000,cincinnati-reds
162,4193548,cincinnati-reds
163,2937500,cincinnati-reds
164,2815064,cincinnati-reds
165,2775000,cincinnati-reds
166,2500000,cincinnati-reds
167,2125000,cincinnati-reds
168,2000000,cincinnati-reds
169,1950000,cincinnati-reds
170,1053745,cincinnati-reds
171,950000,cincinnati-reds
172,567500,cincinnati-reds
173,565000,cincinnati-reds
174,557500,cincinnati-reds
175,557500,cincinnati-reds
176,453620,cincinnati-reds
177,447600,cincinnati-reds
178,370016,cincinnati-reds
179,364048,cincinnati-reds
180,320679,cincinnati-reds
181,268560,cincinnati-reds
182,229768,cincinnati-reds
183,18333333,cleveland-indians
184,14666668,cleveland-indians
185,10550000,cleveland-indians
186,9750000,cleveland-indians
187,6500000,cleveland-indians
188,4150000,cleveland-indians
189,3129032,cleveland-indians
190,2625000,cleveland-indians
191,2500000,cleveland-indians
192,1300000,cleveland-indians
193,1274270,cleveland-indians
194,1137500,cleveland-indians
195,592200,cleveland-indians
196,563800,cleveland-indians
197,559600,cleveland-indians
198,519216,cleveland-indians
199,518985,cleveland-indians
200,518924,cleveland-indians
201,498328,cleveland-indians
202,470028,cleveland-indians
203,444616,cleveland-indians
204,424593,cleveland-indians
205,417760,cleveland-indians
206,370599,cleveland-indians
207,361064,cleveland-indians
208,343160,cleveland-indians
209,26050000,colorado-rockies
210,21333333,colorado-rockies
211,18000000,colorado-rockies
212,15000000,colorado-rockies
213,10000000,colorado-rockies
214,8500000,colorado-rockies
215,8500000,colorado-rockies
216,5000000,colorado-rockies
217,960000,colorado-rockies
218,560000,colorado-rockies
219,560000,colorado-rockies
220,560000,colorado-rockies
221,540104,colorado-rockies
222,454661,colorado-rockies
223,449250,colorado-rockies
224,434434,colorado-rockies
225,390904,colorado-rockies
226,346144,colorado-rockies
227,253640,colorado-rockies
228,250656,colorado-rockies
229,238720,colorado-rockies
230,233610,colorado-rockies
231,205896,colorado-rockies
232,205896,colorado-rockies
233,199928,colorado-rockies
234,158152,colorado-rockies
235,30000000,detroit-tigers
236,25000000,detroit-tigers
237,5250000,detroit-tigers
238,2600000,detroit-tigers
239,1275000,detroit-tigers
240,700000,detroit-tigers
241,570800,detroit-tigers
242,569200,detroit-tigers
243,556100,detroit-tigers
244,528528,detroit-tigers
245,523425,detroit-tigers
246,492360,detroit-tigers
247,429858,detroit-tigers
248,426712,detroit-tigers
249,390904,detroit-tigers
250,378968,detroit-tigers
251,320355,detroit-tigers
252,313320,detroit-tigers
253,283480,detroit-tigers
254,274528,detroit-tigers
255,250656,detroit-tigers
256,217832,detroit-tigers
257,185008,detroit-tigers
258,179040,detroit-tigers
259,173072,detroit-tigers
260,164120,detroit-tigers
261,20000000,houston-astros
262,16000000,houston-astros
263,13500000,houston-astros
264,13000000,houston-astros
265,12000000,houston-astros
266,10400000,houston-astros
267,9500000,houston-astros
268,8000000,houston-astros
269,6500000,houston-astros
270,5750000,houston-astros
271,5000000,houston-astros
272,5000000,houston-astros
273,4537635,houston-astros
274,4500000,houston-astros
275,4225000,houston-astros
276,3110000,houston-astros
277,2900000,houston-astros
278,2307166,houston-astros
279,2212500,houston-astros
280,2000000,houston-astros
281,1525000,houston-astros
282,806452,houston-astros
283,566800,houston-astros
284,337192,houston-astros
285,202912,houston-astros
286,183882,houston-astros
287,20000000,kansas-city-royals
288,16500000,kansas-city-royals
289,15250000,kansas-city-royals
290,4666667,kansas-city-royals
291,1000000,kansas-city-royals
292,996989,kansas-city-royals
293,800000,kansas-city-royals
294,604635,kansas-city-royals
295,578250,kansas-city-royals
296,578175,kansas-city-royals
297,576000,kansas-city-royals
298,567225,kansas-city-royals
299,562250,kansas-city-royals
300,557540,kansas-city-royals
301,557125,kansas-city-royals
302,480424,kansas-city-royals
303,447696,kansas-city-royals
304,428714,kansas-city-royals
305,414776,kansas-city-royals
306,397150,kansas-city-royals
307,339020,kansas-city-royals
308,313320,kansas-city-royals
309,259608,kansas-city-royals
310,238720,kansas-city-royals
311,226784,kansas-city-royals
312,214848,kansas-city-royals
313,28000000,los-angeles-angels
314,18000000,los-angeles-angels
315,17666667,los-angeles-angels
316,13000000,los-angeles-angels
317,10500000,los-angeles-angels
318,9000000,los-angeles-angels
319,3400000,los-angeles-angels
320,2500000,los-angeles-angels
321,1675000,los-angeles-angels
322,1400000,los-angeles-angels
323,1350000,los-angeles-angels
324,650000,los-angeles-angels
325,583500,los-angeles-angels
326,572500,los-angeles-angels
327,569000,los-angeles-angels
328,563500,los-angeles-angels
329,561500,los-angeles-angels
330,557250,los-angeles-angels
331,516249,los-angeles-angels
332,335664,los-angeles-angels
333,299827,los-angeles-angels
334,293216,los-angeles-angels
335,265576,los-angeles-angels
336,265576,los-angeles-angels
337,251490,los-angeles-angels
338,214848,los-angeles-angels
339,31000000,los-angeles-dodgers
340,19333334,los-angeles-dodgers
341,19000000,los-angeles-dodgers
342,18666668,los-angeles-dodgers
343,17900000,los-angeles-dodgers
344,8525000,los-angeles-dodgers
345,5000000,los-angeles-dodgers
346,4500000,los-angeles-dodgers
347,4000000,los-angeles-dodgers
348,4000000,los-angeles-dodgers
349,3725000,los-angeles-dodgers
350,3600000,los-angeles-dodgers
351,3500000,los-angeles-dodgers
352,3000000,los-angeles-dodgers
353,2623656,los-angeles-dodgers
354,2100000,los-angeles-dodgers
355,710000,los-angeles-dodgers
356,605000,los-angeles-dodgers
357,595000,los-angeles-dodgers
358,575000,los-angeles-dodgers
359,570000,los-angeles-dodgers
360,565000,los-angeles-dodgers
361,510384,los-angeles-dodgers
362,451286,los-angeles-dodgers
363,436595,los-angeles-dodgers
364,405824,los-angeles-dodgers
365,20000000,miami-marlins
366,15000000,miami-marlins
367,11857142,miami-marlins
368,3200000,miami-marlins
369,3155000,miami-marlins
370,2000000,miami-marlins
371,1750000,miami-marlins
372,1125000,miami-marlins
373,866880,miami-marlins
374,570000,miami-marlins
375,565000,miami-marlins
376,556500,miami-marlins
377,555000,miami-marlins
378,555000,miami-marlins
379,555000,miami-marlins
380,486392,miami-marlins
381,462520,miami-marlins
382,423728,miami-marlins
383,367032,miami-marlins
384,355096,miami-marlins
385,328240,miami-marlins
386,295416,miami-marlins
387,292432,miami-marlins
388,272785,miami-marlins
389,226784,miami-marlins
390,185013,miami-marlins
391,19000000,milwaukee-brewers
392,16000000,milwaukee-brewers
393,15025000,milwaukee-brewers
394,9750000,milwaukee-brewers
395,7050000,milwaukee-brewers
396,6500000,milwaukee-brewers
397,6000000,milwaukee-brewers
398,4675000,milwaukee-brewers
399,3700000,milwaukee-brewers
400,2500000,milwaukee-brewers
401,2500000,milwaukee-brewers
402,2225000,milwaukee-brewers
403,1709677,milwaukee-brewers
404,1600000,milwaukee-brewers
405,1275000,milwaukee-brewers
406,694386,milwaukee-brewers
407,687600,milwaukee-brewers
408,568300,milwaukee-brewers
409,565700,milwaukee-brewers
410,561400,milwaukee-brewers
411,546308,milwaukee-brewers
412,522020,milwaukee-brewers
413,491965,milwaukee-brewers
414,450584,milwaukee-brewers
415,408510,milwaukee-brewers
416,365568,milwaukee-brewers
417,14000000,minnesota-twins
418,12000000,minnesota-twins
419,9500000,minnesota-twins
420,8125000,minnesota-twins
421,8000000,minnesota-twins
422,7500000,minnesota-twins
423,6000000,minnesota-twins
424,4800000,minnesota-twins
425,4190000,minnesota-twins
426,3583333,minnesota-twins
427,3500000,minnesota-twins
428,2650000,minnesota-twins
429,1639802,minnesota-twins
430,1525000,minnesota-twins
431,1300000,minnesota-twins
432,900000,minnesota-twins
433,873665,minnesota-twins
434,800000,minnesota-twins
435,620000,minnesota-twins
436,575000,minnesota-twins
437,526925,minnesota-twins
438,525184,minnesota-twins
439,447600,minnesota-twins
440,397062,minnesota-twins
441,361064,minnesota-twins
442,262592,minnesota-twins
443,19000000,new-york-mets
444,9500000,new-york-mets
445,9000000,new-york-mets
446,9000000,new-york-mets
447,8500000,new-york-mets
448,7750000,new-york-mets
449,6666666,new-york-mets
450,6000000,new-york-mets
451,5975000,new-york-mets
452,5000000,new-york-mets
453,4025000,new-york-mets
454,2625000,new-york-mets
455,2546240,new-york-mets
456,1600000,new-york-mets
457,607425,new-york-mets
458,598285,new-york-mets
459,591875,new-york-mets
460,575500,new-york-mets
461,561420,new-york-mets
462,555000,new-york-mets
463,555000,new-york-mets
464,541260,new-york-mets
465,496506,new-york-mets
466,298900,new-york-mets
467,238720,new-york-mets
468,220816,new-york-mets
469,26000000,new-york-yankees
470,22000000,new-york-yankees
471,17200000,new-york-yankees
472,17000000,new-york-yankees
473,13000000,new-york-yankees
474,12000000,new-york-yankees
475,11750000,new-york-yankees
476,9000000,new-york-yankees
477,8575000,new-york-yankees
478,8000000,new-york-yankees
479,8000000,new-york-yankees
480,7500000,new-york-yankees
481,1800000,new-york-yankees
482,1387500,new-york-yankees
483,684300,new-york-yankees
484,669800,new-york-yankees
485,605200,new-york-yankees
486,596600,new-york-yankees
487,578975,new-york-yankees
488,573200,new-york-yankees
489,555000,new-york-yankees
490,540792,new-york-yankees
491,528168,new-york-yankees
492,471472,new-york-yankees
493,443058,new-york-yankees
494,364048,new-york-yankees
495,16500000,oakland-athletics
496,7333333,oakland-athletics
497,6500000,oakland-athletics
498,6400000,oakland-athletics
499,6000000,oakland-athletics
500,5900000,oakland-athletics
501,5500000,oakland-athletics
502,3600000,oakland-athletics
503,3150000,oakland-athletics
504,2150000,oakland-athletics
505,2050000,oakland-athletics
506,2000000,oakland-athletics
507,1500000,oakland-athletics
508,1400000,oakland-athletics
509,1179543,oakland-athletics
510,1075000,oakland-athletics
511,786305,oakland-athletics
512,580000,oakland-athletics
513,575000,oakland-athletics
514,565000,oakland-athletics
515,558992,oakland-athletics
516,557500,oakland-athletics
517,557500,oakland-athletics
518,319120,oakland-athletics
519,247672,oakland-athletics
520,245754,oakland-athletics
521,14950000,philadelphia-phillies
522,11538462,philadelphia-phillies
523,9250000,philadelphia-phillies
524,8000000,philadelphia-phillies
525,7750000,philadelphia-phillies
526,5900000,philadelphia-phillies
527,5200000,philadelphia-phillies
528,4500000,philadelphia-phillies
529,2249000,philadelphia-phillies
530,1925000,philadelphia-phillies
531,1800000,philadelphia-phillies
532,1500000,philadelphia-phillies
533,1000000,philadelphia-phillies
534,590000,philadelphia-phillies
535,575000,philadelphia-phillies
536,565000,philadelphia-phillies
537,525550,philadelphia-phillies
538,474782,philadelphia-phillies
539,474456,philadelphia-phillies
540,440455,philadelphia-phillies
541,334208,philadelphia-phillies
542,333828,philadelphia-phillies
543,322272,philadelphia-phillies
544,304368,philadelphia-phillies
545,252672,philadelphia-phillies
546,250656,philadelphia-phillies
547,10333334,pittsburgh-pirates
548,3175000,pittsburgh-pirates
549,1800000,pittsburgh-pirates
550,1150000,pittsburgh-pirates
551,648940,pittsburgh-pirates
552,615120,pittsburgh-pirates
553,587000,pittsburgh-pirates
554,584000,pittsburgh-pirates
555,584000,pittsburgh-pirates
556,582500,pittsburgh-pirates
557,579500,pittsburgh-pirates
558,578500,pittsburgh-pirates
559,577000,pittsburgh-pirates
560,571465,pittsburgh-pirates
561,557500,pittsburgh-pirates
562,555000,pittsburgh-pirates
563,536664,pittsburgh-pirates
564,502529,pittsburgh-pirates
565,486392,pittsburgh-pirates
566,430191,pittsburgh-pirates
567,423728,pittsburgh-pirates
568,291840,pittsburgh-pirates
569,274528,pittsburgh-pirates
570,235736,pittsburgh-pirates
571,217832,pittsburgh-pirates
572,204953,pittsburgh-pirates
573,21000000,san-diego-padres
574,12000000,san-diego-padres
575,7000000,san-diego-padres
576,5500000,san-diego-padres
577,3062500,san-diego-padres
578,2250000,san-diego-padres
579,2060000,san-diego-padres
580,1450000,san-diego-padres
581,1165000,san-diego-padres
582,910000,san-diego-padres
583,582100,san-diego-padres
584,581700,san-diego-padres
585,577100,san-diego-padres
586,566700,san-diego-padres
587,565100,san-diego-padres
588,562500,san-diego-padres
589,555000,san-diego-padres
590,555000,san-diego-padres
591,525184,san-diego-padres
592,508470,san-diego-padres
593,500332,san-diego-padres
594,435664,san-diego-padres
595,390904,san-diego-padres
596,352112,san-diego-padres
597,304368,san-diego-padres
598,298400,san-diego-padres
599,22177777,san-francisco-giants
600,21000000,san-francisco-giants
601,19800000,san-francisco-giants
602,17200000,san-francisco-giants
603,15200000,san-francisco-giants
604,12500000,san-francisco-giants
605,12000000,san-francisco-giants
606,5644085,san-francisco-giants
607,4225000,san-francisco-giants
608,555000,san-francisco-giants
609,555000,san-francisco-giants
610,555000,san-francisco-giants
611,482248,san-francisco-giants
612,453568,san-francisco-giants
613,429696,san-francisco-giants
614,414776,san-francisco-giants
615,392210,san-francisco-giants
616,381952,san-francisco-giants
617,358080,san-francisco-giants
618,301384,san-francisco-giants
619,271544,san-francisco-giants
620,229768,san-francisco-giants
621,197846,san-francisco-giants
622,185008,san-francisco-giants
623,182024,san-francisco-giants
624,143232,san-francisco-giants
625,27857142,seattle-mariners
626,19500000,seattle-mariners
627,13300000,seattle-mariners
628,9500000,seattle-mariners
629,2800000,seattle-mariners
630,1950000,seattle-mariners
631,900000,seattle-mariners
632,581200,seattle-mariners
633,575000,seattle-mariners
634,568600,seattle-mariners
635,558600,seattle-mariners
636,554445,seattle-mariners
637,552916,seattle-mariners
638,528700,seattle-mariners
639,426712,seattle-mariners
640,417760,seattle-mariners
641,393888,seattle-mariners
642,393888,seattle-mariners
643,393888,seattle-mariners
644,331224,seattle-mariners
645,316304,seattle-mariners
646,307352,seattle-mariners
647,269720,seattle-mariners
648,210770,seattle-mariners
649,205896,seattle-mariners
650,199810,seattle-mariners
651,20000000,st-louis-cardinals
652,16500000,st-louis-cardinals
653,15500000,st-louis-cardinals
654,14750000,st-louis-cardinals
655,11700000,st-louis-cardinals
656,11500000,st-louis-cardinals
657,10000000,st-louis-cardinals
658,8750000,st-louis-cardinals
659,6500000,st-louis-cardinals
660,6350000,st-louis-cardinals
661,1666666,st-louis-cardinals
662,1500000,st-louis-cardinals
663,1260000,st-louis-cardinals
664,1125000,st-louis-cardinals
665,571300,st-louis-cardinals
666,569300,st-louis-cardinals
667,562100,st-louis-cardinals
668,559100,st-louis-cardinals
669,555000,st-louis-cardinals
670,555000,st-louis-cardinals
671,555000,st-louis-cardinals
672,540938,st-louis-cardinals
673,522200,st-louis-cardinals
674,509876,st-louis-cardinals
675,492360,st-louis-cardinals
676,478898,st-louis-cardinals
677,15000000,tampa-bay-rays
678,8166666,tampa-bay-rays
679,4500000,tampa-bay-rays
680,4447500,tampa-bay-rays
681,4100000,tampa-bay-rays
682,2675000,tampa-bay-rays
683,1600000,tampa-bay-rays
684,1275000,tampa-bay-rays
685,1000000,tampa-bay-rays
686,850000,tampa-bay-rays
687,723088,tampa-bay-rays
688,570400,tampa-bay-rays
689,566700,tampa-bay-rays
690,562400,tampa-bay-rays
691,561800,tampa-bay-rays
692,561500,tampa-bay-rays
693,558400,tampa-bay-rays
694,557400,tampa-bay-rays
695,502656,tampa-bay-rays
696,492360,tampa-bay-rays
697,446106,tampa-bay-rays
698,442234,tampa-bay-rays
699,438648,tampa-bay-rays
700,386588,tampa-bay-rays
701,367920,tampa-bay-rays
702,351000,tampa-bay-rays
703,21000000,texas-rangers
704,15250000,texas-rangers
705,9833333,texas-rangers
706,9333333,texas-rangers
707,7833333,texas-rangers
708,3300000,texas-rangers
709,3250000,texas-rangers
710,2562500,texas-rangers
711,2000000,texas-rangers
712,2000000,texas-rangers
713,1500000,texas-rangers
714,1400000,texas-rangers
715,555000,texas-rangers
716,543065,texas-rangers
717,529726,texas-rangers
718,507280,texas-rangers
719,500165,texas-rangers
720,492000,texas-rangers
721,468488,texas-rangers
722,447052,texas-rangers
723,444616,texas-rangers
724,384936,texas-rangers
725,226784,texas-rangers
726,208880,texas-rangers
727,196944,texas-rangers
728,176056,texas-rangers
729,8000000,toronto-blue-jays
730,8000000,toronto-blue-jays
731,6300000,toronto-blue-jays
732,3000000,toronto-blue-jays
733,1525000,toronto-blue-jays
734,1300000,toronto-blue-jays
735,579500,toronto-blue-jays
736,579000,toronto-blue-jays
737,558700,toronto-blue-jays
738,555000,toronto-blue-jays
739,555000,toronto-blue-jays
740,516426,toronto-blue-jays
741,468488,toronto-blue-jays
742,468488,toronto-blue-jays
743,447600,toronto-blue-jays
744,403072,toronto-blue-jays
745,384936,toronto-blue-jays
746,343160,toronto-blue-jays
747,298089,toronto-blue-jays
748,253640,toronto-blue-jays
749,244688,toronto-blue-jays
750,219949,toronto-blue-jays
751,193960,toronto-blue-jays
752,187992,toronto-blue-jays
753,182024,toronto-blue-jays
754,181320,toronto-blue-jays
755,37505562,washington-nationals
756,18800000,washington-nationals
757,18000000,washington-nationals
758,12916666,washington-nationals
759,9000000,washington-nationals
760,8400000,washington-nationals
761,7083333,washington-nationals
762,6000000,washington-nationals
763,6000000,washington-nationals
764,5000000,washington-nationals
765,4000000,washington-nationals
766,4000000,washington-nationals
767,3725000,washington-nationals
768,3250000,washington-nationals
769,3000000,washington-nationals
770,1900000,washington-nationals
771,704256,washington-nationals
772,578300,washington-nationals
773,562500,washington-nationals
774,557800,washington-nationals
775,554829,washington-nationals
776,491965,washington-nationals
777,429696,washington-nationals
778,419355,washington-nationals
779,402840,washington-nationals
780,355096,washington-nationals
781,2759259,arizona-diamondbacks
782,2597222,arizona-diamondbacks
783,2592593,arizona-diamondbacks
784,2222222,arizona-diamondbacks
785,2222222,arizona-diamondbacks
786,1481481,arizona-diamondbacks
787,975926,arizona-diamondbacks
788,925926,arizona-diamondbacks
789,925926,arizona-diamondbacks
790,605556,arizona-diamondbacks
791,221111,arizona-diamondbacks
792,218333,arizona-diamondbacks
793,216333,arizona-diamondbacks
794,215444,arizona-diamondbacks
795,213889,arizona-diamondbacks
796,212963,arizona-diamondbacks
797,212963,arizona-diamondbacks
798,212741,arizona-diamondbacks
799,208704,arizona-diamondbacks
800,208704,arizona-diamondbacks
801,183784,arizona-diamondbacks
802,182172,arizona-diamondbacks
803,109025,arizona-diamondbacks
804,90776,arizona-diamondbacks
805,84105,arizona-diamondbacks
806,68530,arizona-diamondbacks
807,10185185,atlanta-braves
808,8507523,atlanta-braves
809,6666667,atlanta-braves
810,4814815,atlanta-braves
811,2962963,atlanta-braves
812,2592593,atlanta-braves
813,2592593,atlanta-braves
814,2314815,atlanta-braves
815,1481481,atlanta-braves
816,1481481,atlanta-braves
817,1203704,atlanta-braves
818,1166667,atlanta-braves
819,833333,atlanta-braves
820,675926,atlanta-braves
821,370370,atlanta-braves
822,370370,atlanta-braves
823,370370,atlanta-braves
824,370370,atlanta-braves
825,242593,atlanta-braves
826,216111,atlanta-braves
827,212963,atlanta-braves
828,210556,atlanta-braves
829,208704,atlanta-braves
830,152160,atlanta-braves
831,105910,atlanta-braves
832,82654,atlanta-braves
833,4582187,baltimore-orioles
834,925926,baltimore-orioles
835,611111,baltimore-orioles
836,214815,baltimore-orioles
837,214074,baltimore-orioles
838,213333,baltimore-orioles
839,212407,baltimore-orioles
840,212222,baltimore-orioles
841,211481,baltimore-orioles
842,211481,baltimore-orioles
843,210556,baltimore-orioles
844,210185,baltimore-orioles
845,209630,baltimore-orioles
846,209259,baltimore-orioles
847,209259,baltimore-orioles
848,208704,baltimore-orioles
849,190015,baltimore-orioles
850,184356,baltimore-orioles
851,183785,baltimore-orioles
852,158956,baltimore-orioles
853,128617,baltimore-orioles
854,118370,baltimore-orioles
855,118370,baltimore-orioles
856,99680,baltimore-orioles
857,87220,baltimore-orioles
858,50864,baltimore-orioles
859,8796296,boston-red-sox
860,7407407,boston-red-sox
861,6296296,boston-red-sox
862,4074074,boston-red-sox
863,2222222,boston-red-sox
864,1555556,boston-red-sox
865,1259259,boston-red-sox
866,1148148,boston-red-sox
867,433333,boston-red-sox
868,256481,boston-red-sox
869,222778,boston-red-sox
870,216481,boston-red-sox
871,211481,boston-red-sox
872,211111,boston-red-sox
873,209630,boston-red-sox
874,208971,boston-red-sox
875,208704,boston-red-sox
876,208704,boston-red-sox
877,166556,boston-red-sox
878,146922,boston-red-sox
879,122031,boston-red-sox
880,92191,boston-red-sox
881,90335,boston-red-sox
882,87220,boston-red-sox
883,80990,boston-red-sox
884,49840,boston-red-sox
885,10555556,chicago-cubs
886,8148148,chicago-cubs
887,7777778,chicago-cubs
888,6888889,chicago-cubs
889,6111111,chicago-cubs
890,5925926,chicago-cubs
891,4444444,chicago-cubs
892,4259259,chicago-cubs
893,3703704,chicago-cubs
894,2596296,chicago-cubs
895,1666667,chicago-cubs
896,471324,chicago-cubs
897,370370,chicago-cubs
898,361111,chicago-cubs
899,352852,chicago-cubs
900,318408,chicago-cubs
901,314815,chicago-cubs
902,277778,chicago-cubs
903,232176,chicago-cubs
904,231111,chicago-cubs
905,219259,chicago-cubs
906,210926,chicago-cubs
907,209259,chicago-cubs
908,209259,chicago-cubs
909,110558,chicago-cubs
910,109025,chicago-cubs
911,6759259,chicago-white-sox
912,6666667,chicago-white-sox
913,5740740,chicago-white-sox
914,5074074,chicago-white-sox
915,3900926,chicago-white-sox
916,2059259,chicago-white-sox
917,2000000,chicago-white-sox
918,1666667,chicago-white-sox
919,1648148,chicago-white-sox
920,1481481,chicago-white-sox
921,1388889,chicago-white-sox
922,1170370,chicago-white-sox
923,555556,chicago-white-sox
924,370370,chicago-white-sox
925,342736,chicago-white-sox
926,232222,chicago-white-sox
927,218519,chicago-white-sox
928,217778,chicago-white-sox
929,212963,chicago-white-sox
930,212593,chicago-white-sox
931,208704,chicago-white-sox
932,200640,chicago-white-sox
933,190015,chicago-white-sox
934,183784,chicago-white-sox
935,118370,chicago-white-sox
936,93450,chicago-white-sox
937,9259259,cincinnati-reds
938,6481481,cincinnati-reds
939,5925926,cincinnati-reds
940,4444444,cincinnati-reds
941,4166630,cincinnati-reds
942,3333333,cincinnati-reds
943,2878307,cincinnati-reds
944,2222222,cincinnati-reds
945,2222222,cincinnati-reds
946,2212963,cincinnati-reds
947,2037037,cincinnati-reds
948,1733796,cincinnati-reds
949,1379630,cincinnati-reds
950,541667,cincinnati-reds
951,534592,cincinnati-reds
952,340520,cincinnati-reds
953,245741,cincinnati-reds
954,225849,cincinnati-reds
955,224074,cincinnati-reds
956,220370,cincinnati-reds
957,219259,cincinnati-reds
958,213889,cincinnati-reds
959,211481,cincinnati-reds
960,211111,cincinnati-reds
961,196245,cincinnati-reds
962,124600,cincinnati-reds
963,8333334,cleveland-indians
964,6481481,cleveland-indians
965,3796296,cleveland-indians
966,2714815,cleveland-indians
967,2592593,cleveland-indians
968,2407815,cleveland-indians
969,1513889,cleveland-indians
970,1111111,cleveland-indians
971,740741,cleveland-indians
972,694444,cleveland-indians
973,537037,cleveland-indians
974,464352,cleveland-indians
975,416667,cleveland-indians
976,230815,cleveland-indians
977,217185,cleveland-indians
978,212963,cleveland-indians
979,212889,cleveland-indians
980,212778,cleveland-indians
981,211889,cleveland-indians
982,208704,cleveland-indians
983,208704,cleveland-indians
984,174440,cleveland-indians
985,168010,cleveland-indians
986,158865,cleveland-indians
987,157486,cleveland-indians
988,115255,cleveland-indians
989,8111111,colorado-rockies
990,3962963,colorado-rockies
991,2962963,colorado-rockies
992,1966667,colorado-rockies
993,1064815,colorado-rockies
994,703704,colorado-rockies
995,657832,colorado-rockies
996,517012,colorado-rockies
997,400000,colorado-rockies
998,370370,colorado-rockies
999,370370,colorado-rockies
1000,212963,colorado-rockies
1001,212407,colorado-rockies
1002,212407,colorado-rockies
1003,212407,colorado-rockies
1004,212407,colorado-rockies
1005,210556,colorado-rockies
1006,210556,colorado-rockies
1007,210556,colorado-rockies
1008,209444,colorado-rockies
1009,208704,colorado-rockies
1010,196938,colorado-rockies
1011,168804,colorado-rockies
1012,161980,colorado-rockies
1013,143290,colorado-rockies
1014,28607,colorado-rockies
1015,11111111,detroit-tigers
1016,9259259,detroit-tigers
1017,1962963,detroit-tigers
1018,1537037,detroit-tigers
1019,1097222,detroit-tigers
1020,1037037,detroit-tigers
1021,425926,detroit-tigers
1022,258593,detroit-tigers
1023,216630,detroit-tigers
1024,216037,detroit-tigers
1025,212556,detroit-tigers
1026,212407,detroit-tigers
1027,211556,detroit-tigers
1028,211370,detroit-tigers
1029,210296,detroit-tigers
1030,209852,detroit-tigers
1031,209037,detroit-tigers
1032,208704,detroit-tigers
1033,130830,detroit-tigers
1034,130830,detroit-tigers
1035,130830,detroit-tigers
1036,124600,detroit-tigers
1037,80990,detroit-tigers
1038,59185,detroit-tigers
1039,56070,detroit-tigers
1040,56070,detroit-tigers
1041,12703704,houston-astros
1042,7777778,houston-astros
1043,6950617,houston-astros
1044,6555556,houston-astros
1045,5740741,houston-astros
1046,4814815,houston-astros
1047,3474074,houston-astros
1048,3240741,houston-astros
1049,2962963,houston-astros
1050,1518519,houston-astros
1051,1296296,houston-astros
1052,962963,houston-astros
1053,250041,houston-astros
1054,218778,houston-astros
1055,215630,houston-astros
1056,212815,houston-astros
1057,212481,houston-astros
1058,211593,houston-astros
1059,210630,houston-astros
1060,210481,houston-astros
1061,208704,houston-astros
1062,208704,houston-astros
1063,208704,houston-astros
1064,193129,houston-astros
1065,180670,houston-astros
1066,152635,houston-astros
1067,6014815,kansas-city-royals
1068,5648148,kansas-city-royals
1069,2703704,kansas-city-royals
1070,1851852,kansas-city-royals
1071,1482593,kansas-city-royals
1072,1481481,kansas-city-royals
1073,1250000,kansas-city-royals
1074,1148148,kansas-city-royals
1075,259259,kansas-city-royals
1076,240741,kansas-city-royals
1077,227037,kansas-city-royals
1078,226111,kansas-city-royals
1079,223889,kansas-city-royals
1080,215000,kansas-city-royals
1081,213685,kansas-city-royals
1082,211574,kansas-city-royals
1083,211519,kansas-city-royals
1084,209611,kansas-city-royals
1085,208704,kansas-city-royals
1086,202474,kansas-city-royals
1087,201660,kansas-city-royals
1088,195858,kansas-city-royals
1089,183784,kansas-city-royals
1090,161980,kansas-city-royals
1091,150096,kansas-city-royals
1092,90335,kansas-city-royals
1093,15000000,los-angeles-angels
1094,10740741,los-angeles-angels
1095,10015872,los-angeles-angels
1096,7777778,los-angeles-angels
1097,3333333,los-angeles-angels
1098,1851852,los-angeles-angels
1099,1592593,los-angeles-angels
1100,1425926,los-angeles-angels
1101,1037037,los-angeles-angels
1102,516667,los-angeles-angels
1103,333333,los-angeles-angels
1104,296296,los-angeles-angels
1105,259259,los-angeles-angels
1106,219815,los-angeles-angels
1107,217593,los-angeles-angels
1108,214259,los-angeles-angels
1109,212222,los-angeles-angels
1110,211296,los-angeles-angels
1111,208704,los-angeles-angels
1112,208704,los-angeles-angels
1113,174440,los-angeles-angels
1114,159732,los-angeles-angels
1115,137060,los-angeles-angels
1116,133945,los-angeles-angels
1117,121953,los-angeles-angels
1118,90335,los-angeles-angels
1119,16308641,los-angeles-dodgers
1120,10000000,los-angeles-dodgers
1121,8037037,los-angeles-dodgers
1122,7444444,los-angeles-dodgers
1123,6666667,los-angeles-dodgers
1124,4259259,los-angeles-dodgers
1125,3703704,los-angeles-dodgers
1126,3148148,los-angeles-dodgers
1127,2870370,los-angeles-dodgers
1128,2814815,los-angeles-dodgers
1129,2185185,los-angeles-dodgers
1130,2074074,los-angeles-dodgers
1131,1870370,los-angeles-dodgers
1132,1481481,los-angeles-dodgers
1133,1481481,los-angeles-dodgers
1134,407407,los-angeles-dodgers
1135,370370,los-angeles-dodgers
1136,223519,los-angeles-dodgers
1137,219815,los-angeles-dodgers
1138,212407,los-angeles-dodgers
1139,212407,los-angeles-dodgers
1140,209630,los-angeles-dodgers
1141,209630,los-angeles-dodgers
1142,208704,los-angeles-dodgers
1143,190334,los-angeles-dodgers
1144,143290,los-angeles-dodgers
1145,2592593,miami-marlins
1146,1779988,miami-marlins
1147,1759259,miami-marlins
1148,1388889,miami-marlins
1149,1111111,miami-marlins
1150,953704,miami-marlins
1151,648556,miami-marlins
1152,407407,miami-marlins
1153,370370,miami-marlins
1154,309568,miami-marlins
1155,288309,miami-marlins
1156,229630,miami-marlins
1157,227778,miami-marlins
1158,223778,miami-marlins
1159,220370,miami-marlins
1160,220370,miami-marlins
1161,214815,miami-marlins
1162,214815,miami-marlins
1163,212963,miami-marlins
1164,208704,miami-marlins
1165,208704,miami-marlins
1166,208704,miami-marlins
1167,195112,miami-marlins
1168,121485,miami-marlins
1169,118370,miami-marlins
1170,105910,miami-marlins
1171,6555556,milwaukee-brewers
1172,4629630,milwaukee-brewers
1173,2842593,milwaukee-brewers
1174,1999852,milwaukee-brewers
1175,1898148,milwaukee-brewers
1176,1518519,milwaukee-brewers
1177,1481481,milwaukee-brewers
1178,1203519,milwaukee-brewers
1179,1009259,milwaukee-brewers
1180,814815,milwaukee-brewers
1181,648148,milwaukee-brewers
1182,563500,milwaukee-brewers
1183,447997,milwaukee-brewers
1184,383333,milwaukee-brewers
1185,370370,milwaukee-brewers
1186,234481,milwaukee-brewers
1187,215593,milwaukee-brewers
1188,215407,milwaukee-brewers
1189,211111,milwaukee-brewers
1190,210667,milwaukee-brewers
1191,209741,milwaukee-brewers
1192,209704,milwaukee-brewers
1193,143290,milwaukee-brewers
1194,115255,milwaukee-brewers
1195,115255,milwaukee-brewers
1196,81250,milwaukee-brewers
1197,6666667,minnesota-twins
1198,5310000,minnesota-twins
1199,4629629,minnesota-twins
1200,4444444,minnesota-twins
1201,3333333,minnesota-twins
1202,2870370,minnesota-twins
1203,2314815,minnesota-twins
1204,1759259,minnesota-twins
1205,1648148,minnesota-twins
1206,1574074,minnesota-twins
1207,1490741,minnesota-twins
1208,1466049,minnesota-twins
1209,1138889,minnesota-twins
1210,1111111,minnesota-twins
1211,1018519,minnesota-twins
1212,816667,minnesota-twins
1213,651759,minnesota-twins
1214,592593,minnesota-twins
1215,444444,minnesota-twins
1216,268519,minnesota-twins
1217,229630,minnesota-twins
1218,220741,minnesota-twins
1219,217593,minnesota-twins
1220,211481,minnesota-twins
1221,180670,minnesota-twins
1222,174440,minnesota-twins
1223,7500000,new-york-mets
1224,6574074,new-york-mets
1225,6411815,new-york-mets
1226,4425926,new-york-mets
1227,4370371,new-york-mets
1228,3703704,new-york-mets
1229,1944852,new-york-mets
1230,1888889,new-york-mets
1231,1888889,new-york-mets
1232,1666667,new-york-mets
1233,889994,new-york-mets
1234,805556,new-york-mets
1235,740741,new-york-mets
1236,555556,new-york-mets
1237,541744,new-york-mets
1238,314815,new-york-mets
1239,259259,new-york-mets
1240,241674,new-york-mets
1241,228769,new-york-mets
1242,225474,new-york-mets
1243,219431,new-york-mets
1244,214380,new-york-mets
1245,193129,new-york-mets
1246,190869,new-york-mets
1247,162512,new-york-mets
1248,130830,new-york-mets
1249,13333333,new-york-yankees
1250,9629630,new-york-yankees
1251,8518519,new-york-yankees
1252,7755556,new-york-yankees
1253,6296296,new-york-yankees
1254,4962963,new-york-yankees
1255,4814815,new-york-yankees
1256,4444444,new-york-yankees
1257,4174603,new-york-yankees
1258,3962963,new-york-yankees
1259,3148148,new-york-yankees
1260,1851852,new-york-yankees
1261,916667,new-york-yankees
1262,472222,new-york-yankees
1263,331481,new-york-yankees
1264,281924,new-york-yankees
1265,277778,new-york-yankees
1266,258100,new-york-yankees
1267,250222,new-york-yankees
1268,234815,new-york-yankees
1269,223370,new-york-yankees
1270,215852,new-york-yankees
1271,215046,new-york-yankees
1272,214519,new-york-yankees
1273,165801,new-york-yankees
1274,165095,new-york-yankees
1275,6203704,oakland-athletics
1276,4814815,oakland-athletics
1277,3148148,oakland-athletics
1278,3000000,oakland-athletics
1279,2925926,oakland-athletics
1280,2037037,oakland-athletics
1281,1962963,oakland-athletics
1282,1777778,oakland-athletics
1283,1388889,oakland-athletics
1284,1379630,oakland-athletics
1285,1018519,oakland-athletics
1286,833333,oakland-athletics
1287,750000,oakland-athletics
1288,735210,oakland-athletics
1289,666667,oakland-athletics
1290,556928,oakland-athletics
1291,223519,oakland-athletics
1292,221148,oakland-athletics
1293,212407,oakland-athletics
1294,210556,oakland-athletics
1295,210556,oakland-athletics
1296,208704,oakland-athletics
1297,208704,oakland-athletics
1298,208704,oakland-athletics
1299,180670,oakland-athletics
1300,109025,oakland-athletics
1301,11168092,philadelphia-phillies
1302,7962963,philadelphia-phillies
1303,6296296,philadelphia-phillies
1304,5877778,philadelphia-phillies
1305,5185185,philadelphia-phillies
1306,3703704,philadelphia-phillies
1307,3500000,philadelphia-phillies
1308,3462963,philadelphia-phillies
1309,1814815,philadelphia-phillies
1310,1648148,philadelphia-phillies
1311,1333333,philadelphia-phillies
1312,972222,philadelphia-phillies
1313,805556,philadelphia-phillies
1314,583333,philadelphia-phillies
1315,555480,philadelphia-phillies
1316,314815,philadelphia-phillies
1317,262963,philadelphia-phillies
1318,212963,philadelphia-phillies
1319,210926,philadelphia-phillies
1320,210741,philadelphia-phillies
1321,182758,philadelphia-phillies
1322,155750,philadelphia-phillies
1323,149520,philadelphia-phillies
1324,143290,philadelphia-phillies
1325,130830,philadelphia-phillies
1326,120802,philadelphia-phillies
1327,3562963,pittsburgh-pirates
1328,1777778,pittsburgh-pirates
1329,1046296,pittsburgh-pirates
1330,1037037,pittsburgh-pirates
1331,1037037,pittsburgh-pirates
1332,370370,pittsburgh-pirates
1333,314815,pittsburgh-pirates
1334,311111,pittsburgh-pirates
1335,268519,pittsburgh-pirates
1336,234630,pittsburgh-pirates
1337,219815,pittsburgh-pirates
1338,218704,pittsburgh-pirates
1339,218333,pittsburgh-pirates
1340,217963,pittsburgh-pirates
1341,213889,pittsburgh-pirates
1342,212963,pittsburgh-pirates
1343,211852,pittsburgh-pirates
1344,208704,pittsburgh-pirates
1345,208704,pittsburgh-pirates
1346,193130,pittsburgh-pirates
1347,177555,pittsburgh-pirates
1348,159691,pittsburgh-pirates
1349,114444,pittsburgh-pirates
1350,84105,pittsburgh-pirates
1351,52955,pittsburgh-pirates
1352,40495,pittsburgh-pirates
1353,13111111,san-diego-padres
1354,9907407,san-diego-padres
1355,8407407,san-diego-padres
1356,3889148,san-diego-padres
1357,3481481,san-diego-padres
1358,2925926,san-diego-padres
1359,2111111,san-diego-padres
1360,1944444,san-diego-padres
1361,1666481,san-diego-padres
1362,1098114,san-diego-padres
1363,925741,san-diego-padres
1364,634592,san-diego-padres
1365,555556,san-diego-padres
1366,518519,san-diego-padres
1367,481481,san-diego-padres
1368,400780,san-diego-padres
1369,331680,san-diego-padres
1370,219185,san-diego-padres
1371,218889,san-diego-padres
1372,217963,san-diego-padres
1373,216944,san-diego-padres
1374,209926,san-diego-padres
1375,208704,san-diego-padres
1376,208704,san-diego-padres
1377,127715,san-diego-padres
1378,91930,san-diego-padres
1379,7777778,san-francisco-giants
1380,7125926,san-francisco-giants
1381,5755556,san-francisco-giants
1382,5552890,san-francisco-giants
1383,3333333,san-francisco-giants
1384,2592592,san-francisco-giants
1385,1574481,san-francisco-giants
1386,1111111,san-francisco-giants
1387,972407,san-francisco-giants
1388,740741,san-francisco-giants
1389,509259,san-francisco-giants
1390,379630,san-francisco-giants
1391,342593,san-francisco-giants
1392,298148,san-francisco-giants
1393,296296,san-francisco-giants
1394,217963,san-francisco-giants
1395,213333,san-francisco-giants
1396,211019,san-francisco-giants
1397,209861,san-francisco-giants
1398,209861,san-francisco-giants
1399,209167,san-francisco-giants
1400,208704,san-francisco-giants
1401,183785,san-francisco-giants
1402,137060,san-francisco-giants
1403,121485,san-francisco-giants
1404,105910,san-francisco-giants
1405,7537037,seattle-mariners
1406,6685185,seattle-mariners
1407,5300000,seattle-mariners
1408,648149,seattle-mariners
1409,555556,seattle-mariners
1410,481481,seattle-mariners
1411,370370,seattle-mariners
1412,218667,seattle-mariners
1413,213259,seattle-mariners
1414,210222,seattle-mariners
1415,209741,seattle-mariners
1416,209259,seattle-mariners
1417,209074,seattle-mariners
1418,208705,seattle-mariners
1419,208704,seattle-mariners
1420,208704,seattle-mariners
1421,175448,seattle-mariners
1422,171325,seattle-mariners
1423,155750,seattle-mariners
1424,152635,seattle-mariners
1425,146405,seattle-mariners
1426,137060,seattle-mariners
1427,90915,seattle-mariners
1428,84483,seattle-mariners
1429,80990,seattle-mariners
1430,72910,seattle-mariners
1431,12148148,st-louis-cardinals
1432,7407407,st-louis-cardinals
1433,7370370,st-louis-cardinals
1434,6851852,st-louis-cardinals
1435,4296259,st-louis-cardinals
1436,3796296,st-louis-cardinals
1437,2962963,st-louis-cardinals
1438,1481481,st-louis-cardinals
1439,740741,st-louis-cardinals
1440,740741,st-louis-cardinals
1441,722222,st-louis-cardinals
1442,223889,st-louis-cardinals
1443,218556,st-louis-cardinals
1444,215704,st-louis-cardinals
1445,215481,st-louis-cardinals
1446,213259,st-louis-cardinals
1447,212370,st-louis-cardinals
1448,211111,st-louis-cardinals
1449,210741,st-louis-cardinals
1450,209630,st-louis-cardinals
1451,208704,st-louis-cardinals
1452,208704,st-louis-cardinals
1453,186900,st-louis-cardinals
1454,171666,st-louis-cardinals
1455,168210,st-louis-cardinals
1456,140175,st-louis-cardinals
1457,5555556,tampa-bay-rays
1458,3870370,tampa-bay-rays
1459,3192593,tampa-bay-rays
1460,1666667,tampa-bay-rays
1461,1222222,tampa-bay-rays
1462,916667,tampa-bay-rays
1463,759259,tampa-bay-rays
1464,555556,tampa-bay-rays
1465,379630,tampa-bay-rays
1466,370370,tampa-bay-rays
1467,314815,tampa-bay-rays
1468,214630,tampa-bay-rays
1469,214407,tampa-bay-rays
1470,214259,tampa-bay-rays
1471,213815,tampa-bay-rays
1472,213556,tampa-bay-rays
1473,213259,tampa-bay-rays
1474,213185,tampa-bay-rays
1475,209852,tampa-bay-rays
1476,209148,tampa-bay-rays
1477,205589,tampa-bay-rays
1478,202475,tampa-bay-rays
1479,155750,tampa-bay-rays
1480,149413,tampa-bay-rays
1481,130830,tampa-bay-rays
1482,115255,tampa-bay-rays
1483,7777778,texas-rangers
1484,5037037,texas-rangers
1485,4629630,texas-rangers
1486,3666666,texas-rangers
1487,2592593,texas-rangers
1488,1629630,texas-rangers
1489,1481481,texas-rangers
1490,1111111,texas-rangers
1491,290741,texas-rangers
1492,217407,texas-rangers
1493,213704,texas-rangers
1494,211296,texas-rangers
1495,209444,texas-rangers
1496,209074,texas-rangers
1497,208704,texas-rangers
1498,183785,texas-rangers
1499,152635,texas-rangers
1500,152570,texas-rangers
1501,149520,texas-rangers
1502,127715,texas-rangers
1503,126750,texas-rangers
1504,121485,texas-rangers
1505,109025,texas-rangers
1506,84105,texas-rangers
1507,74760,texas-rangers
1508,56070,texas-rangers
1509,7407407,toronto-blue-jays
1510,5444444,toronto-blue-jays
1511,4444444,toronto-blue-jays
1512,3148148,toronto-blue-jays
1513,1639481,toronto-blue-jays
1514,1555556,toronto-blue-jays
1515,1354497,toronto-blue-jays
1516,1269212,toronto-blue-jays
1517,1175926,toronto-blue-jays
1518,1159584,toronto-blue-jays
1519,1055556,toronto-blue-jays
1520,724151,toronto-blue-jays
1521,555556,toronto-blue-jays
1522,370370,toronto-blue-jays
1523,223037,toronto-blue-jays
1524,215148,toronto-blue-jays
1525,214556,toronto-blue-jays
1526,213556,toronto-blue-jays
1527,211111,toronto-blue-jays
1528,208704,toronto-blue-jays
1529,208704,toronto-blue-jays
1530,199836,toronto-blue-jays
1531,193892,toronto-blue-jays
1532,92876,toronto-blue-jays
1533,66045,toronto-blue-jays
1534,49840,toronto-blue-jays
1535,17801286,washington-nationals
1536,7453703,washington-nationals
1537,3148149,washington-nationals
1538,2962963,washington-nationals
1539,2759259,washington-nationals
1540,2222222,washington-nationals
1541,2000000,washington-nationals
1542,1481481,washington-nationals
1543,1231481,washington-nationals
1544,1111111,washington-nationals
1545,1110926,washington-nationals
1546,348258,washington-nationals
1547,233111,washington-nationals
1548,219556,washington-nationals
1549,215630,washington-nationals
1550,210704,washington-nationals
1551,208704,washington-nationals
1552,208704,washington-nationals
1553,142650,washington-nationals
1554,140175,washington-nationals
1555,93450,washington-nationals
1556,80990,washington-nationals
1557,71645,washington-nationals
1558,65415,washington-nationals
1559,49840,washington-nationals
1560,43610,washington-nationals
1561,8125000,arizona-diamondbacks
1562,8000000,arizona-diamondbacks
1563,7666668,arizona-diamondbacks
1564,7500000,arizona-diamondbacks
1565,4250000,arizona-diamondbacks
1566,3500000,arizona-diamondbacks
1567,3500000,arizona-diamondbacks
1568,1465000,arizona-diamondbacks
1569,619300,arizona-diamondbacks
1570,586600,arizona-diamondbacks
1571,582400,arizona-diamondbacks
1572,570592,arizona-diamondbacks
1573,569842,arizona-diamondbacks
1574,548352,arizona-diamondbacks
1575,524457,arizona-diamondbacks
1576,515256,arizona-diamondbacks
1577,495646,arizona-diamondbacks
1578,432447,arizona-diamondbacks
1579,417112,arizona-diamondbacks
1580,401777,arizona-diamondbacks
1581,328169,arizona-diamondbacks
1582,325102,arizona-diamondbacks
1583,303633,arizona-diamondbacks
1584,282164,arizona-diamondbacks
1585,272963,arizona-diamondbacks
1586,14000000,arizona-diamondbacks
1587,22359375,atlanta-braves
1588,15000000,atlanta-braves
1589,13000000,atlanta-braves
1590,11000000,atlanta-braves
1591,8700000,atlanta-braves
1592,7000000,atlanta-braves
1593,6000000,atlanta-braves
1594,3500000,atlanta-braves
1595,3000000,atlanta-braves
1596,1900000,atlanta-braves
1597,1500000,atlanta-braves
1598,1360000,atlanta-braves
1599,1300000,atlanta-braves
1600,1185555,atlanta-braves
1601,1000000,atlanta-braves
1602,1000000,atlanta-braves
1603,1000000,atlanta-braves
1604,978523,atlanta-braves
1605,665375,atlanta-braves
1606,600500,atlanta-braves
1607,590500,atlanta-braves
1608,575500,atlanta-braves
1609,450849,atlanta-braves
1610,417112,atlanta-braves
1611,309767,atlanta-braves
1612,269896,atlanta-braves
1613,4750000,baltimore-orioles
1614,2100000,baltimore-orioles
1615,1825000,baltimore-orioles
1616,1000000,baltimore-orioles
1617,790272,baltimore-orioles
1618,586750,baltimore-orioles
1619,584200,baltimore-orioles
1620,581000,baltimore-orioles
1621,580000,baltimore-orioles
1622,578500,baltimore-orioles
1623,577000,baltimore-orioles
1624,577000,baltimore-orioles
1625,576500,baltimore-orioles
1626,574500,baltimore-orioles
1627,574500,baltimore-orioles
1628,570500,baltimore-orioles
1629,537486,baltimore-orioles
1630,454804,baltimore-orioles
1631,450849,baltimore-orioles
1632,447782,baltimore-orioles
1633,383375,baltimore-orioles
1634,328169,baltimore-orioles
1635,300566,baltimore-orioles
1636,291365,baltimore-orioles
1637,269896,baltimore-orioles
1638,266829,baltimore-orioles
1639,20000000,boston-red-sox
1640,19350000,boston-red-sox
1641,17000000,boston-red-sox
1642,8500000,boston-red-sox
1643,8300000,boston-red-sox
1644,8150000,boston-red-sox
1645,6250000,boston-red-sox
1646,4575000,boston-red-sox
1647,4500000,boston-red-sox
1648,4500000,boston-red-sox
1649,4500000,boston-red-sox
1650,3100000,boston-red-sox
1651,3000000,boston-red-sox
1652,1600000,boston-red-sox
1653,1200000,boston-red-sox
1654,709632,boston-red-sox
1655,649500,boston-red-sox
1656,636072,boston-red-sox
1657,613500,boston-red-sox
1658,581500,boston-red-sox
1659,580500,boston-red-sox
1660,578500,boston-red-sox
1661,575000,boston-red-sox
1662,570500,boston-red-sox
1663,361998,boston-red-sox
1664,334303,boston-red-sox
1665,23500000,chicago-cubs
1666,19500000,chicago-cubs
1667,16500000,chicago-cubs
1668,16000000,chicago-cubs
1669,14000000,chicago-cubs
1670,11650000,chicago-cubs
1671,8630000,chicago-cubs
1672,6650000,chicago-cubs
1673,4500000,chicago-cubs
1674,4100000,chicago-cubs
1675,2500000,chicago-cubs
1676,2250000,chicago-cubs
1677,1000000,chicago-cubs
1678,900000,chicago-cubs
1679,850000,chicago-cubs
1680,800000,chicago-cubs
1681,600000,chicago-cubs
1682,542256,chicago-cubs
1683,502988,chicago-cubs
1684,483840,chicago-cubs
1685,472318,chicago-cubs
1686,464544,chicago-cubs
1687,401777,chicago-cubs
1688,399993,chicago-cubs
1689,398710,chicago-cubs
1690,377241,chicago-cubs
1691,18000000,chicago-white-sox
1692,17666666,chicago-white-sox
1693,11333333,chicago-white-sox
1694,9333334,chicago-white-sox
1695,7250000,chicago-white-sox
1696,6800000,chicago-white-sox
1697,4150000,chicago-white-sox
1698,3500000,chicago-white-sox
1699,3000000,chicago-white-sox
1700,1375000,chicago-white-sox
1701,1250000,chicago-white-sox
1702,843934,chicago-white-sox
1703,618240,chicago-white-sox
1704,600000,chicago-white-sox
1705,585000,chicago-white-sox
1706,585000,chicago-white-sox
1707,575000,chicago-white-sox
1708,575000,chicago-white-sox
1709,572000,chicago-white-sox
1710,570500,chicago-white-sox
1711,570500,chicago-white-sox
1712,524457,chicago-white-sox
1713,395643,chicago-white-sox
1714,300566,chicago-white-sox
1715,285231,chicago-white-sox
1716,272963,chicago-white-sox
1717,25000000,cincinnati-reds
1718,13849496,cincinnati-reds
1719,10785714,cincinnati-reds
1720,8000000,cincinnati-reds
1721,7000000,cincinnati-reds
1722,4200000,cincinnati-reds
1723,4187500,cincinnati-reds
1724,3150000,cincinnati-reds
1725,2200000,cincinnati-reds
1726,1500000,cincinnati-reds
1727,1500000,cincinnati-reds
1728,1500000,cincinnati-reds
1729,1095360,cincinnati-reds
1730,640000,cincinnati-reds
1731,579000,cincinnati-reds
1732,570500,cincinnati-reds
1733,570500,cincinnati-reds
1734,499921,cincinnati-reds
1735,433998,cincinnati-reds
1736,414045,cincinnati-reds
1737,392576,cincinnati-reds
1738,380308,cincinnati-reds
1739,368040,cincinnati-reds
1740,325102,cincinnati-reds
1741,322035,cincinnati-reds
1742,297499,cincinnati-reds
1743,9400000,cleveland-indians
1744,5500000,cleveland-indians
1745,5000000,cleveland-indians
1746,3280000,cleveland-indians
1747,2400000,cleveland-indians
1748,2000000,cleveland-indians
1749,1612920,cleveland-indians
1750,1000000,cleveland-indians
1751,975000,cleveland-indians
1752,602400,cleveland-indians
1753,590200,cleveland-indians
1754,586200,cleveland-indians
1755,585000,cleveland-indians
1756,571800,cleveland-indians
1757,570500,cleveland-indians
1758,482868,cleveland-indians
1759,478452,cleveland-indians
1760,436113,cleveland-indians
1761,400029,cleveland-indians
1762,368040,cleveland-indians
1763,361906,cleveland-indians
1764,343504,cleveland-indians
1765,309767,cleveland-indians
1766,297499,cleveland-indians
1767,276030,cleveland-indians
1768,269896,cleveland-indians
1769,21333333,colorado-rockies
1770,18500000,colorado-rockies
1771,7800000,colorado-rockies
1772,6000000,colorado-rockies
1773,5025000,colorado-rockies
1774,4050000,colorado-rockies
1775,3000000,colorado-rockies
1776,2925000,colorado-rockies
1777,2375000,colorado-rockies
1778,1950000,colorado-rockies
1779,1450000,colorado-rockies
1780,1200000,colorado-rockies
1781,1100000,colorado-rockies
1782,1000000,colorado-rockies
1783,1000000,colorado-rockies
1784,1000000,colorado-rockies
1785,844086,colorado-rockies
1786,580500,colorado-rockies
1787,580500,colorado-rockies
1788,575500,colorado-rockies
1789,575500,colorado-rockies
1790,575500,colorado-rockies
1791,572500,colorado-rockies
1792,572500,colorado-rockies
1793,450849,colorado-rockies
1794,392576,colorado-rockies
1795,30000000,detroit-tigers
1796,5000000,detroit-tigers
1797,4500000,detroit-tigers
1798,3475000,detroit-tigers
1799,3250000,detroit-tigers
1800,2850000,detroit-tigers
1801,2100000,detroit-tigers
1802,1850000,detroit-tigers
1803,1750000,detroit-tigers
1804,1500000,detroit-tigers
1805,970000,detroit-tigers
1806,925000,detroit-tigers
1807,887150,detroit-tigers
1808,640849,detroit-tigers
1809,581700,detroit-tigers
1810,579600,detroit-tigers
1811,578800,detroit-tigers
1812,578500,detroit-tigers
1813,574300,detroit-tigers
1814,574100,detroit-tigers
1815,570500,detroit-tigers
1816,460050,detroit-tigers
1817,456983,detroit-tigers
1818,441648,detroit-tigers
1819,334303,detroit-tigers
1820,269896,detroit-tigers
1821,29000000,houston-astros
1822,24666667,houston-astros
1823,16000000,houston-astros
1824,9000000,houston-astros
1825,8750000,houston-astros
1826,7083333,houston-astros
1827,6500000,houston-astros
1828,4000000,houston-astros
1829,3500000,houston-astros
1830,3500000,houston-astros
1831,1100000,houston-astros
1832,637300,houston-astros
1833,624300,houston-astros
1834,609000,houston-astros
1835,599100,houston-astros
1836,590400,houston-astros
1837,580290,houston-astros
1838,580100,houston-astros
1839,574100,houston-astros
1840,570500,houston-astros
1841,566720,houston-astros
1842,558659,houston-astros
1843,514206,houston-astros
1844,423246,houston-astros
1845,371107,houston-astros
1846,33000000,houston-astros
1847,15500000,kansas-city-royals
1848,14200000,kansas-city-royals
1849,8050000,kansas-city-royals
1850,7250000,kansas-city-royals
1851,7000000,kansas-city-royals
1852,7000000,kansas-city-royals
1853,3800000,kansas-city-royals
1854,3350000,kansas-city-royals
1855,2750000,kansas-city-royals
1856,2500000,kansas-city-royals
1857,1750000,kansas-city-royals
1858,1650000,kansas-city-royals
1859,1500000,kansas-city-royals
1860,1500000,kansas-city-royals
1861,650000,kansas-city-royals
1862,597500,kansas-city-royals
1863,593700,kansas-city-royals
1864,588700,kansas-city-royals
1865,588700,kansas-city-royals
1866,575232,kansas-city-royals
1867,570500,kansas-city-royals
1868,475385,kansas-city-royals
1869,426313,kansas-city-royals
1870,404844,kansas-city-royals
1871,355772,kansas-city-royals
1872,297499,kansas-city-royals
1873,9125000,los-angeles-angels
1874,8325000,los-angeles-angels
1875,8000000,los-angeles-angels
1876,6750000,los-angeles-angels
1877,5000000,los-angeles-angels
1878,3500000,los-angeles-angels
1879,3000000,los-angeles-angels
1880,2000000,los-angeles-angels
1881,1600000,los-angeles-angels
1882,1500000,los-angeles-angels
1883,1216320,los-angeles-angels
1884,1200000,los-angeles-angels
1885,1125000,los-angeles-angels
1886,1000000,los-angeles-angels
1887,1000000,los-angeles-angels
1888,750000,los-angeles-angels
1889,590500,los-angeles-angels
1890,481519,los-angeles-angels
1891,479425,los-angeles-angels
1892,469251,los-angeles-angels
1893,466184,los-angeles-angels
1894,401777,los-angeles-angels
1895,361906,los-angeles-angels
1896,340437,los-angeles-angels
1897,282164,los-angeles-angels
1898,272963,los-angeles-angels
1899,22500000,los-angeles-dodgers
1900,20000000,los-angeles-dodgers
1901,18000000,los-angeles-dodgers
1902,16100000,los-angeles-dodgers
1903,16000000,los-angeles-dodgers
1904,12000000,los-angeles-dodgers
1905,9000000,los-angeles-dodgers
1906,8500000,los-angeles-dodgers
1907,8000000,los-angeles-dodgers
1908,7800000,los-angeles-dodgers
1909,3750000,los-angeles-dodgers
1910,3600000,los-angeles-dodgers
1911,1650000,los-angeles-dodgers
1912,1000000,los-angeles-dodgers
1913,590500,los-angeles-dodgers
1914,580500,los-angeles-dodgers
1915,580500,los-angeles-dodgers
1916,573000,los-angeles-dodgers
1917,568325,los-angeles-dodgers
1918,493787,los-angeles-dodgers
1919,426313,los-angeles-dodgers
1920,407911,los-angeles-dodgers
1921,368040,los-angeles-dodgers
1922,272963,los-angeles-dodgers
1923,266829,los-angeles-dodgers
1924,263762,los-angeles-dodgers
1925,12500000,miami-marlins
1926,5000000,miami-marlins
1927,4350000,miami-marlins
1928,2050000,miami-marlins
1929,2000000,miami-marlins
1930,1900000,miami-marlins
1931,1900000,miami-marlins
1932,1425000,miami-marlins
1933,1108800,miami-marlins
1934,1000000,miami-marlins
1935,975000,miami-marlins
1936,954816,miami-marlins
1937,850000,miami-marlins
1938,630000,miami-marlins
1939,607500,miami-marlins
1940,595000,miami-marlins
1941,571750,miami-marlins
1942,571375,miami-marlins
1943,570500,miami-marlins
1944,570500,miami-marlins
1945,466184,miami-marlins
1946,401830,miami-marlins
1947,368040,miami-marlins
1948,294432,miami-marlins
1949,282164,miami-marlins
1950,272963,miami-marlins
1951,14000000,milwaukee-brewers
1952,10750000,milwaukee-brewers
1953,6675000,milwaukee-brewers
1954,6500000,milwaukee-brewers
1955,3275000,milwaukee-brewers
1956,2500000,milwaukee-brewers
1957,2500000,milwaukee-brewers
1958,1650000,milwaukee-brewers
1959,1550000,milwaukee-brewers
1960,1234960,milwaukee-brewers
1961,1000000,milwaukee-brewers
1962,681100,milwaukee-brewers
1963,608000,milwaukee-brewers
1964,607488,milwaukee-brewers
1965,584100,milwaukee-brewers
1966,575100,milwaukee-brewers
1967,497651,milwaukee-brewers
1968,472318,milwaukee-brewers
1969,468307,milwaukee-brewers
1970,450849,milwaukee-brewers
1971,431400,milwaukee-brewers
1972,414045,milwaukee-brewers
1973,318968,milwaukee-brewers
1974,315901,milwaukee-brewers
1975,286224,milwaukee-brewers
1976,260695,milwaukee-brewers
1977,21000000,minnesota-twins
1978,13000000,minnesota-twins
1979,11000000,minnesota-twins
1980,10500000,minnesota-twins
1981,10000000,minnesota-twins
1982,8000000,minnesota-twins
1983,6500000,minnesota-twins
1984,6100000,minnesota-twins
1985,6000000,minnesota-twins
1986,5000000,minnesota-twins
1987,4333334,minnesota-twins
1988,2561000,minnesota-twins
1989,2200000,minnesota-twins
1990,2000000,minnesota-twins
1991,700000,minnesota-twins
1992,611000,minnesota-twins
1993,575500,minnesota-twins
1994,502988,minnesota-twins
1995,501228,minnesota-twins
1996,456983,minnesota-twins
1997,453916,minnesota-twins
1998,438581,minnesota-twins
1999,371107,minnesota-twins
2000,361906,minnesota-twins
2001,318968,minnesota-twins
2002,306700,minnesota-twins
2003,22300000,new-york-mets
2004,22000000,new-york-mets
2005,18900000,new-york-mets
2006,16666668,new-york-mets
2007,12250000,new-york-mets
2008,10000000,new-york-mets
2009,8150000,new-york-mets
2010,7750000,new-york-mets
2011,7000000,new-york-mets
2012,4700000,new-york-mets
2013,3600000,new-york-mets
2014,3550000,new-york-mets
2015,3000000,new-york-mets
2016,2925000,new-york-mets
2017,2550000,new-york-mets
2018,1687500,new-york-mets
2019,676775,new-york-mets
2020,642251,new-york-mets
2021,624960,new-york-mets
2022,580701,new-york-mets
2023,577720,new-york-mets
2024,531308,new-york-mets
2025,510015,new-york-mets
2026,404040,new-york-mets
2027,315901,new-york-mets
2028,312834,new-york-mets
2029,36000000,new-york-yankees
2030,29000000,new-york-yankees
2031,15000000,new-york-yankees
2032,14838710,new-york-yankees
2033,10175000,new-york-yankees
2034,6350000,new-york-yankees
2035,4700000,new-york-yankees
2036,4650000,new-york-yankees
2037,4000000,new-york-yankees
2038,2850000,new-york-yankees
2039,2850000,new-york-yankees
2040,2250000,new-york-yankees
2041,2150000,new-york-yankees
2042,2130000,new-york-yankees
2043,1050000,new-york-yankees
2044,790707,new-york-yankees
2045,600000,new-york-yankees
2046,594000,new-york-yankees
2047,583100,new-york-yankees
2048,570500,new-york-yankees
2049,534930,new-york-yankees
2050,386442,new-york-yankees
2051,380316,new-york-yankees
2052,315901,new-york-yankees
2053,300566,new-york-yankees
2054,297698,new-york-yankees
2055,8300000,oakland-athletics
2056,7583333,oakland-athletics
2057,6490000,oakland-athletics
2058,5950000,oakland-athletics
2059,5000000,oakland-athletics
2060,4900000,oakland-athletics
2061,4000000,oakland-athletics
2062,2550000,oakland-athletics
2063,2500000,oakland-athletics
2064,1800000,oakland-athletics
2065,1500000,oakland-athletics
2066,1050000,oakland-athletics
2067,912500,oakland-athletics
2068,705000,oakland-athletics
2069,580500,oakland-athletics
2070,580500,oakland-athletics
2071,575500,oakland-athletics
2072,575500,oakland-athletics
2073,573000,oakland-athletics
2074,552060,oakland-athletics
2075,545926,oakland-athletics
2076,441648,oakland-athletics
2077,374174,oakland-athletics
2078,282164,oakland-athletics
2079,266829,oakland-athletics
2080,11000000,oakland-athletics
2081,27538462,philadelphia-phillies
2082,22500000,philadelphia-phillies
2083,20000000,philadelphia-phillies
2084,14850000,philadelphia-phillies
2085,12750000,philadelphia-phillies
2086,10000000,philadelphia-phillies
2087,6000000,philadelphia-phillies
2088,5000000,philadelphia-phillies
2089,4800000,philadelphia-phillies
2090,4450000,philadelphia-phillies
2091,4000000,philadelphia-phillies
2092,3500000,philadelphia-phillies
2093,3000000,philadelphia-phillies
2094,3000000,philadelphia-phillies
2095,1100000,philadelphia-phillies
2096,1000000,philadelphia-phillies
2097,800000,philadelphia-phillies
2098,460050,philadelphia-phillies
2099,450849,philadelphia-phillies
2100,386442,philadelphia-phillies
2101,358839,philadelphia-phillies
2102,343504,philadelphia-phillies
2103,269896,philadelphia-phillies
2104,260695,philadelphia-phillies
2105,260695,philadelphia-phillies
2106,257628,philadelphia-phillies
2107,4300000,pittsburgh-pirates
2108,2500000,pittsburgh-pirates
2109,2130000,pittsburgh-pirates
2110,1700000,pittsburgh-pirates
2111,1300000,pittsburgh-pirates
2112,1177490,pittsburgh-pirates
2113,1169425,pittsburgh-pirates
2114,1100000,pittsburgh-pirates
2115,849408,pittsburgh-pirates
2116,800000,pittsburgh-pirates
2117,650000,pittsburgh-pirates
2118,601000,pittsburgh-pirates
2119,598000,pittsburgh-pirates
2120,591500,pittsburgh-pirates
2121,590500,pittsburgh-pirates
2122,589500,pittsburgh-pirates
2123,579000,pittsburgh-pirates
2124,575000,pittsburgh-pirates
2125,518404,pittsburgh-pirates
2126,481416,pittsburgh-pirates
2127,386442,pittsburgh-pirates
2128,325102,pittsburgh-pirates
2129,312834,pittsburgh-pirates
2130,288298,pittsburgh-pirates
2131,288298,pittsburgh-pirates
2132,276480,pittsburgh-pirates
2133,32000000,san-diego-padres
2134,22500000,san-diego-padres
2135,21000000,san-diego-padres
2136,8900000,san-diego-padres
2137,7000000,san-diego-padres
2138,4450000,san-diego-padres
2139,4333333,san-diego-padres
2140,4000000,san-diego-padres
2141,2000000,san-diego-padres
2142,2000000,san-diego-padres
2143,1714285,san-diego-padres
2144,1570000,san-diego-padres
2145,1300000,san-diego-padres
2146,610900,san-diego-padres
2147,596000,san-diego-padres
2148,589200,san-diego-padres
2149,584900,san-diego-padres
2150,580200,san-diego-padres
2151,571800,san-diego-padres
2152,524628,san-diego-padres
2153,509490,san-diego-padres
2154,438581,san-diego-padres
2155,392576,san-diego-padres
2156,391440,san-diego-padres
2157,282164,san-diego-padres
2158,269896,san-diego-padres
2159,21000000,san-francisco-giants
2160,18900000,san-francisco-giants
2161,15200000,san-francisco-giants
2162,6000000,san-francisco-giants
2163,3250000,san-francisco-giants
2164,3000000,san-francisco-giants
2165,3000000,san-francisco-giants
2166,2100000,san-francisco-giants
2167,2000000,san-francisco-giants
2168,2000000,san-francisco-giants
2169,1275000,san-francisco-giants
2170,1150000,san-francisco-giants
2171,1050000,san-francisco-giants
2172,950000,san-francisco-giants
2173,800000,san-francisco-giants
2174,600000,san-francisco-giants
2175,583000,san-francisco-giants
2176,495172,san-francisco-giants
2177,490720,san-francisco-giants
2178,478452,san-francisco-giants
2179,414045,san-francisco-giants
2180,380308,san-francisco-giants
2181,371107,san-francisco-giants
2182,322802,san-francisco-giants
2183,309767,san-francisco-giants
2184,22177777,san-francisco-giants
2185,18500000,seattle-mariners
2186,16500000,seattle-mariners
2187,5250000,seattle-mariners
2188,3010000,seattle-mariners
2189,2250000,seattle-mariners
2190,2050000,seattle-mariners
2191,1700000,seattle-mariners
2192,1250000,seattle-mariners
2193,875000,seattle-mariners
2194,800000,seattle-mariners
2195,744073,seattle-mariners
2196,590400,seattle-mariners
2197,587500,seattle-mariners
2198,580500,seattle-mariners
2199,578700,seattle-mariners
2200,572100,seattle-mariners
2201,570500,seattle-mariners
2202,502642,seattle-mariners
2203,484586,seattle-mariners
2204,450849,seattle-mariners
2205,438581,seattle-mariners
2206,438581,seattle-mariners
2207,370990,seattle-mariners
2208,337370,seattle-mariners
2209,257628,seattle-mariners
2210,8500000,seattle-mariners
2211,26000000,st-louis-cardinals
2212,20570500,st-louis-cardinals
2213,18500000,st-louis-cardinals
2214,12000000,st-louis-cardinals
2215,9000000,st-louis-cardinals
2216,8000000,st-louis-cardinals
2217,4166666,st-louis-cardinals
2218,4000000,st-louis-cardinals
2219,2100000,st-louis-cardinals
2220,2000000,st-louis-cardinals
2221,900000,st-louis-cardinals
2222,596000,st-louis-cardinals
2223,594700,st-louis-cardinals
2224,594500,st-louis-cardinals
2225,582300,st-louis-cardinals
2226,580900,st-louis-cardinals
2227,579200,st-louis-cardinals
2228,577100,st-louis-cardinals
2229,575900,st-louis-cardinals
2230,414045,st-louis-cardinals
2231,389509,st-louis-cardinals
2232,331236,st-louis-cardinals
2233,297499,st-louis-cardinals
2234,297499,st-louis-cardinals
2235,282164,st-louis-cardinals
2236,263762,st-louis-cardinals
2237,11666666,tampa-bay-rays
2238,3000000,tampa-bay-rays
2239,2500000,tampa-bay-rays
2240,2500000,tampa-bay-rays
2241,2450000,tampa-bay-rays
2242,2300000,tampa-bay-rays
2243,2250000,tampa-bay-rays
2244,2000000,tampa-bay-rays
2245,1800000,tampa-bay-rays
2246,750000,tampa-bay-rays
2247,698679,tampa-bay-rays
2248,591400,tampa-bay-rays
2249,588900,tampa-bay-rays
2250,586300,tampa-bay-rays
2251,585000,tampa-bay-rays
2252,584400,tampa-bay-rays
2253,583800,tampa-bay-rays
2254,582300,tampa-bay-rays
2255,581200,tampa-bay-rays
2256,530591,tampa-bay-rays
2257,481519,tampa-bay-rays
2258,418550,tampa-bay-rays
2259,410978,tampa-bay-rays
2260,317343,tampa-bay-rays
2261,315901,tampa-bay-rays
2262,266829,tampa-bay-rays
2263,10000000,texas-rangers
2264,8000000,texas-rangers
2265,6200000,texas-rangers
2266,2700000,texas-rangers
2267,2500000,texas-rangers
2268,2150000,texas-rangers
2269,2000000,texas-rangers
2270,2000000,texas-rangers
2271,1750000,texas-rangers
2272,1500000,texas-rangers
2273,589500,texas-rangers
2274,586000,texas-rangers
2275,584250,texas-rangers
2276,582500,texas-rangers
2277,575000,texas-rangers
2278,574000,texas-rangers
2279,572500,texas-rangers
2280,548774,texas-rangers
2281,534743,texas-rangers
2282,492480,texas-rangers
2283,371107,texas-rangers
2284,355772,texas-rangers
2285,349638,texas-rangers
2286,312834,texas-rangers
2287,294432,texas-rangers
2288,284372,texas-rangers
2289,23666666,toronto-blue-jays
2290,20000000,toronto-blue-jays
2291,18000000,toronto-blue-jays
2292,10333333,toronto-blue-jays
2293,8000000,toronto-blue-jays
2294,5200000,toronto-blue-jays
2295,4325000,toronto-blue-jays
2296,3928571,toronto-blue-jays
2297,3000000,toronto-blue-jays
2298,1500000,toronto-blue-jays
2299,605400,toronto-blue-jays
2300,604000,toronto-blue-jays
2301,601800,toronto-blue-jays
2302,600000,toronto-blue-jays
2303,587800,toronto-blue-jays
2304,584000,toronto-blue-jays
2305,542358,toronto-blue-jays
2306,521390,toronto-blue-jays
2307,506055,toronto-blue-jays
2308,477408,toronto-blue-jays
2309,463117,toronto-blue-jays
2310,432447,toronto-blue-jays
2311,427440,toronto-blue-jays
2312,395643,toronto-blue-jays
2313,346571,toronto-blue-jays
2314,274824,toronto-blue-jays
2315,34503480,washington-nationals
2316,24416666,washington-nationals
2317,13000000,washington-nationals
2318,10500000,washington-nationals
2319,8500000,washington-nationals
2320,6350000,washington-nationals
2321,6000000,washington-nationals
2322,6000000,washington-nationals
2323,2000000,washington-nationals
2324,1000000,washington-nationals
2325,1000000,washington-nationals
2326,614000,washington-nationals
2327,600700,washington-nationals
2328,587700,washington-nationals
2329,582400,washington-nationals
2330,575000,washington-nationals
2331,564480,washington-nationals
2332,559471,washington-nationals
2333,506055,washington-nationals
2334,412452,washington-nationals
2335,346571,washington-nationals
2336,340437,washington-nationals
2337,295008,washington-nationals
2338,291365,washington-nationals
2339,282164,washington-nationals
2340,260695,washington-nationals